timestep,episode,env_idx,ep/mean_reward,ep/total_reward,ep/length,ep/survived,thermal/mean_temp_A,thermal/mean_temp_B,thermal/max_temp_A,thermal/max_temp_B,thermal/viol_rate,thermal/terminated,bess/mean_soc,bess/min_soc,bess/mean_dispatch_kw,grid/tracking_rmse_kw,grid/mean_lmp,grid/spike_fraction,facility/mean_pue,facility/mean_p_facility_mw,facility/mean_flex_reduction_kw
17280,1,0,-0.0745217699455612,-1287.7361846592976,17280.0,1.0,30.41373114661457,20.55804068370262,30.815306634879594,29.99567048745998,0.0,0.0,0.6213578345130307,0.41419752093309226,2226.4448089800662,8902.530147189884,31.872428127812505,0.25,2.6140837507178847,80.78159534484489,1958.6677126672946
34560,2,0,0.7013798855795788,12119.84442281512,17280.0,1.0,30.49730454477886,20.530413776487013,30.873686747875098,29.94629253420974,0.0,0.0,0.4781421633881067,0.10507900020010766,1727.6222149368195,1536.5051814487647,31.872428127812505,0.25,2.6259760040643463,81.07528610021205,467.616962991637
51840,3,0,0.7702723987651687,13310.307050662115,17280.0,1.0,30.471957431177536,20.523467517486406,30.846339040654573,29.94769954737152,0.0,0.0,0.5444315073946969,0.28739040789408304,1641.3384554390277,1372.2409294917713,31.872428127812505,0.25,2.652054717697901,81.8304867039003,484.4200310126089
69120,4,0,0.766890613434023,13251.869800139917,17280.0,1.0,30.443970362950765,20.5273505271848,30.743020769328176,29.947497133285914,0.0,0.0,0.615617982030758,0.2694897376854879,1652.7763866712648,1319.6731995987795,31.872428127812505,0.25,2.646913024912379,81.64555226797928,469.17921394195974
86400,5,0,0.7832556960137346,13534.658427117334,17280.0,1.0,30.465459159092184,20.53138100799202,30.889536811148766,29.947621331141278,0.0,0.0,0.4664801275336816,0.235302518276155,1499.7701360844076,1256.6575656447833,31.872428127812505,0.25,2.6282719639680856,81.12409112534598,511.6871187054037
103680,6,0,0.781020112140538,13496.027537788497,17280.0,1.0,30.457963095959105,20.530953976879694,30.783665394168736,29.94867146804094,0.0,0.0,0.5074209633678796,0.16428639782084156,1531.5843538293184,1241.033532219366,31.872428127812505,0.25,2.6212546193653736,80.91751180929927,489.83848985044943
120960,7,0,0.7816977770391935,13507.737587237265,17280.0,1.0,30.40917911104839,20.5227736875801,30.696912351580597,29.947901625673254,0.0,0.0,0.5475197733228918,0.26540731706057125,1483.1335297268297,1242.1070387408522,31.872428127812505,0.25,2.6566834731331523,82.01721793354405,519.0192264559123
138240,8,0,0.7860625096944945,13583.160167520866,17280.0,1.0,30.416588742530802,20.52914889583833,30.822561080911928,29.94779670144512,0.0,0.0,0.5242254622345907,0.19651246820329415,1548.0439934037659,1169.0613419950303,31.872428127812505,0.25,2.6521302314312623,81.83694086164176,517.8114461030076
155520,9,0,0.7783502948302932,13449.893094667466,17280.0,1.0,30.404028017521355,20.527398625505654,30.91831693875787,29.948257245975068,0.0,0.0,0.5141298751641483,0.2260411767242805,1519.2918155894235,1186.2730110501875,31.872428127812505,0.25,2.6577477049764773,82.00691411419419,541.546813871994
172800,10,0,0.7873006754274583,13604.555671386479,17280.0,1.0,30.385847105182393,20.519976037824097,30.683647337486498,29.948932305059007,0.0,0.0,0.5667466117521361,0.41968608207878505,1265.0905362916765,1252.6460609549117,31.872428127812505,0.25,2.6613751236823093,82.12370888128513,486.13716239486024
190080,11,0,0.7821466100540554,13515.493421734078,17280.0,1.0,30.392689782867894,20.5363343313344,30.75287855426607,29.94966583218126,0.0,0.0,0.5673084696238605,0.4185238315923279,1482.2487641229397,1213.374184154559,31.872428127812505,0.25,2.6075872932913455,80.49055123312466,485.55823521691946
207360,12,0,0.7813125085672019,13501.080148041248,17280.0,1.0,30.405813596853964,20.528384518401054,30.830107186525446,29.949493380616488,0.0,0.0,0.6269345969508313,0.44649333876991926,1362.8888710539925,1244.9753956101397,31.872428127812505,0.25,2.6496332353712795,81.78872970387413,475.75071569128704
224640,13,0,0.7758852940721597,13407.29788156692,17280.0,1.0,30.428436725247916,20.530828170282142,30.833563669731653,29.948683160532617,0.0,0.0,0.6492964142514067,0.41447349306839243,1484.169642303001,1274.8008154772801,31.872428127812505,0.25,2.6361971029008204,81.38406151173798,487.4525207070251
241920,14,0,0.7855787799907561,13574.801318240265,17280.0,1.0,30.401430436696277,20.527367156068667,30.778717529672623,29.949947444382435,0.0,0.0,0.6633045339752517,0.5002601222204667,1334.6872158969443,1311.4240582956413,31.872428127812505,0.25,2.639661045839348,81.44399213199212,456.0375294941221
259200,15,0,0.7748180844934672,13388.856500047114,17280.0,1.0,30.4315111095328,20.52906166923775,30.81222993087795,29.948936343848175,0.0,0.0,0.41759427687447837,0.15323269293779224,1725.9132117505997,1245.6833548412972,31.872428127812505,0.25,2.644808791929841,81.64840601633816,491.26007266490456
276480,16,0,0.7802301917880632,13482.377714097733,17280.0,1.0,30.40561129606818,20.530863852387704,30.71144335125349,29.949590859793975,0.0,0.0,0.5764208558800661,0.3268967574622864,1474.297631704421,1215.6662820948216,31.872428127812505,0.25,2.6377396467932726,81.42673690644281,479.60609557207704
293760,17,0,0.7803026895109926,13483.630474749953,17280.0,1.0,30.401122212477823,20.52819402673222,30.741439936022232,29.94803173379274,0.0,0.0,0.6032971106622756,0.3925601598918918,1517.7967592177015,1255.2814092517528,31.872428127812505,0.25,2.6328791877954036,81.23864429319691,505.26128933085516
311040,18,0,0.7823634425435254,13519.240287152119,17280.0,1.0,30.397787258853,20.530669334095673,30.742330391548684,29.95043461842302,0.0,0.0,0.6119931226732838,0.38751552117010457,1586.5782354803432,1240.7954646235387,31.872428127812505,0.25,2.6301815972925646,81.18582617932698,482.47022284708123
328320,19,0,0.7763220807264032,13414.845554952248,17280.0,1.0,30.412159474890586,20.526967260457308,30.894259418969934,29.949020233404198,0.0,0.0,0.6457264035142826,0.39302885986839253,1556.7702175052698,1239.9775227766197,31.872428127812505,0.25,2.651104595228259,81.82088061987527,494.1281579645064
345600,20,0,0.7767380926472807,13422.03424094501,17280.0,1.0,30.400927050810072,20.53269107197567,30.775518921840522,29.949286602407106,0.0,0.0,0.5570383213740737,0.38767620850371615,1599.7703892730729,1250.0428711213985,31.872428127812505,0.25,2.643942345895557,81.54162803262837,491.44942727330834
362880,21,0,0.7811760778123614,13498.722624597605,17280.0,1.0,30.41802298020621,20.533838629339446,30.748049820287168,29.95032996428992,0.0,0.0,0.6382308833717198,0.47200168607876125,1646.5980871053562,1230.3358507548699,31.872428127812505,0.25,2.612171258931641,80.57954659160379,461.35950178124057
380160,22,0,0.7719367559144168,13339.067142201122,17280.0,1.0,30.40382256957547,20.53144256273404,30.772166675458912,29.94920519006242,0.0,0.0,0.6251962832563811,0.37311633571131175,1519.9859757548888,1188.808443773532,31.872428127812505,0.25,2.6295865616185203,81.10858900561112,465.8433148401134
397440,23,0,0.774698678817867,13386.793169972741,17280.0,1.0,30.44912306212663,20.525634670776828,30.79685843454799,29.949113650197205,0.0,0.0,0.7620294488728141,0.5002390379386792,1411.5774052956644,1299.8241359653803,31.872428127812505,0.25,2.653707392854317,81.91692270515888,491.34497142592306
